{"cameraMode":{"drawMode":0,"name":"Shaded","section":"Shading Mode"},"sceneLighting":true,"audioPlay":false,"sceneViewState":{"m_AlwaysRefresh":false,"showFog":true,"showSkybox":true,"showFlares":true,"showImageEffects":true,"showParticleSystems":true,"showVisualEffectGraphs":true,"m_FxEnabled":true},"in2DMode":false,"pivot":{"x":2.1702702045440676,"y":-1.7647340297698975,"z":3.157850503921509},"rotation":{"x":-0.3245585858821869,"y":-0.14752745628356934,"z":0.05143337696790695,"w":-0.9329299330711365},"size":3.8264148235321047,"orthographic":false}